keyword,tf-idf
police,0.12029150096068379
man,0.11656632692421413
world,0.10550688790890232
fight,0.10463962577334196
life,0.10148393823356566
gang,0.09393877755530589
action,0.09345859666107569
martial,0.08971512477070671
team,0.08957084266448935
killed,0.08482837854771468
