keyword,tf-idf
zadanie,0.140130272041152
grupa,0.12155653047813797
agent,0.12085796920321296
zabójca,0.09916640618359725
dostawać,0.09751006997118833
były,0.094787212781308
zemsta,0.09111728955302675
przestępca,0.08515119086042057
żołnierz,0.07691236227289279
rambo,0.07281069665506328
