keyword,tf-idf
legendarny,0.12410626367263929
skarb,0.1074552347888769
myśliwy,0.1056714717534298
walka,0.1055325094009924
muszkieter,0.10087526709807218
artefakt,0.09741983930908464
przygoda,0.09448251273480228
razem,0.0943190585834739
wyruszać,0.08885488283967136
odnaleźć,0.0812829598189573
