keyword,tf-idf
bondage,0.15620481712678574
gagged,0.14702027724525077
bound,0.11665892957726115
adventure,0.09987111472283795
world,0.09652079202729028
story,0.08101207633491281
beautiful,0.07960247822424218
game,0.077622678704096
tied,0.07685741009935211
lovely,0.06862942593797111
