keyword,tf-idf
world,0.1309916527677534
animated,0.1296870144334784
friends,0.12031347226202069
adventures,0.10123085097430568
series,0.09382218389826766
evil,0.09075657987998971
new,0.08868896353490537
help,0.08320192020075456
boy,0.08123474181302183
animation,0.08007262023550285
