keyword,tf-idf
ernest,0.13449644047352813
potrzeba,0.12364308861123674
właściciel,0.11026011288239554
dłoń,0.09953606203139627
zaprzyjaźć,0.09433426616734447
rozbitek,0.09279389524527779
nastawienie,0.08841362884568019
odcięty,0.08680535457413663
bezludny,0.08530578037603831
pomagać,0.08441137079296591
