keyword,tf-idf
dokument,0.310093420989708
przedstawiać,0.15842726581251215
życie,0.09358652757964978
świat,0.07956708882856466
opowiadać,0.0786796242460725
film,0.0747026483040852
historia,0.06338424447581888
ukazywać,0.05590902556883006
człowiek,0.04496583640468123
trzy,0.04068431779007754
