keyword,tf-idf
life,0.19081470291334768
film,0.14575531745171674
story,0.12576089441541924
world,0.09757460148774837
documentary,0.07963176611526364
man,0.07574760540775077
years,0.07277510964794688
new,0.07248554153591562
people,0.07071054571820791
music,0.06874391530668336
