keyword,tf-idf
historia,0.18697621768170922
muzyka,0.11820830627756358
życie,0.11313652171911928
pzpr,0.08670654737223085
gierk,0.08670654737223085
1980,0.08261362967461941
apple,0.08163708650131299
jobsa,0.08163708650131299
drugi,0.08144088767249903
2018,0.08093716922740188
