keyword,tf-idf
postanawiać,0.15843471290330993
przyjaciel,0.11766617136928309
życie,0.11758956874930157
dziewczyna,0.11389571660384158
mężczyzna,0.10152303690296056
kobieta,0.09746689131991859
młody,0.08494680960750278
praca,0.07403605397869197
nowy,0.06899756702649583
grupa,0.0654434715386942
