keyword,tf-idf
comedy,0.14755975608784302
life,0.12093180911981563
new,0.11281130765110417
love,0.11209913778704118
friends,0.09497175627118865
man,0.08864767524358187
family,0.08699197228587938
make,0.0799294381331875
time,0.0794055977767993
wife,0.07665154964355948
