keyword,tf-idf
sprawa,0.14767416568527092
detektyw,0.12689080672173572
morderstwo,0.12320406218791391
policjant,0.11667827409819483
śledztwo,0.09372412204394782
hercules,0.0842835224611777
przestępczy,0.08047445587339956
rozwiązać,0.07747011990882312
zagadka,0.07715668660103393
śmierć,0.0724437844185024
