keyword,tf-idf
police,0.18110785681497713
crime,0.1529178211623574
murder,0.10729372331872002
case,0.09328119849689925
life,0.08149062250876977
detective,0.0812084136602127
man,0.07753259225240534
drug,0.0757476572131231
criminal,0.07483131414991748
young,0.07458880042261791
