keyword,tf-idf
film,0.15914112275706455
documentary,0.15446286833133946
world,0.11689085016256517
life,0.10053693139423447
people,0.09743360728066336
story,0.08397803728445585
years,0.08170011283225069
new,0.07755909374016824
history,0.06775128922151558
interviews,0.06054608699574254
