keyword,tf-idf
dokument,0.310093420989708
przedstawiać,0.15842726581251215
życie,0.09358652757964978
świat,0.07956708882856466
opowiadać,0.0786796242460725
film,0.0747026483040852
historia,0.06338424447581888
ukazywać,0.055909025568830054
człowiek,0.044965836404681235
trzy,0.04068431779007754
