keyword,tf-idf
life,0.14226841061503265
young,0.11285592087766073
love,0.11184957938217586
family,0.10859503974375355
father,0.10139555847622096
man,0.09101143853626495
mother,0.08884708160060818
story,0.08869767897690081
son,0.0773099592773349
old,0.0771693325140473
