keyword,tf-idf
życie,0.15677325200286366
młody,0.12874088282807156
kobieta,0.11380158657611804
mężczyzna,0.09788688265043641
rodzina,0.09672289609733964
historia,0.08751249916937533
matka,0.08674260739477396
poznawać,0.07931395084042804
ojciec,0.07759065026142073
syn,0.07491479217917282
