keyword,tf-idf
family,0.14049683876888192
children,0.13149504182589372
kids,0.10247842890320337
new,0.09814841954177432
old,0.09447402506019649
christmas,0.09429472877558347
friends,0.09113826583694364
year,0.08761445082120663
school,0.08000100822355168
life,0.0798587922427646
