keyword,tf-idf
nastoletć,0.17866583896987356
mik,0.15613735142947932
przygoda,0.10617327538177035
pies,0.10311041892967944
zaprzyjaźć,0.0815197002185236
piętnastolatka,0.07693045978919401
przygarniętej,0.07559495179870752
rudowłosy,0.07559495179870752
znajdować,0.07365460568024956
długi,0.07261844600381515
