keyword,tf-idf
world,0.17291189969744283
evil,0.11894652745117239
fantasy,0.0981821750372502
magic,0.09527322569306412
king,0.09364122673935513
story,0.093433711148287
young,0.08636239131351521
kingdom,0.08480928160553877
time,0.08032176495511313
life,0.07611779635926133
