keyword,tf-idf
wiek,0.15205950642539146
zielony,0.1224330880208368
góral,0.10265065356674132
xvi,0.10265065356674132
connor,0.09780510626509367
szkocki,0.0917004386294473
figurka,0.08402654448095234
gepetto,0.08402654448095234
pewien,0.08258733024911294
stolarz,0.08006013431473037
