keyword,tf-idf
horror,0.12829577079330523
house,0.12163589853035058
group,0.10648553676954274
night,0.10514855625384624
evil,0.1027971208665442
friends,0.09045114983626015
young,0.08930026041179193
killer,0.08575179296495118
dead,0.08539761023864903
town,0.08473630333475879
