keyword,tf-idf
grupa,0.14741793343320195
dom,0.1444702192216718
tajemniczy,0.11401213605757982
młody,0.10583472100950106
zaczynać,0.1054190586970686
odkrywać,0.09290496736570203
przyjaciel,0.07774372492633218
kobieta,0.07402071660021729
rodzina,0.07075500669325749
śmierć,0.06742151599546765
