keyword,tf-idf
zespół,0.1457418257386534
"europie,&nbsp",0.10914946364128757
invincible,0.10914946364128757
ash,0.10399714487227499
podróżuć,0.10034151652901854
taneczny,0.09518919776000595
werbować,0.08668768134575099
utalentowany,0.08442242996243605
tworzyć,0.0827256223044805
zjeżdżać,0.08259565420480455
