keyword,tf-idf
music,0.21874503375858906
band,0.11933242222526957
concert,0.11339567448248977
live,0.1100914188906972
rock,0.0901188272001688
songs,0.08950130762275693
album,0.06928230258951036
performances,0.0672776241707708
performance,0.06166709405141597
musical,0.06058829500833152
