keyword,tf-idf
musical,0.20892280094177892
music,0.1497901842895129
love,0.10012430695238614
singer,0.08968603836599612
dance,0.08308717829874834
new,0.0802093995578932
songs,0.07954853352429968
song,0.07095337191161073
story,0.0691227330608802
young,0.06855545309689381
