keyword,tf-idf
domu.&nbsp,0.1239961062679892
elektryczny,0.1239961062679892
wyrzutek,0.11814296284157133
społeczny,0.09397806193590653
przesyłka,0.09386469105040939
koncert,0.09056523099834439
surrealistyczny,0.09056523099834439
łatwy,0.09056523099834439
stracić,0.08753562738652534
beztroskiy,0.08679075125457579
