keyword,tf-idf
love,0.2896770277931084
life,0.10615972108874817
girl,0.09116737081182562
young,0.08697546372862953
story,0.07734278744026997
meets,0.07730103224075635
falls,0.07043558715657439
woman,0.06746647789679208
man,0.06712333156421063
family,0.06635120027908475
