keyword,tf-idf
kobieta,0.1685455096533096
wzajemny,0.11509908950918317
fascynacja,0.1080490583466459
poznawać,0.10156522615495502
miłość,0.09145963084481062
spotykać,0.09094416747336945
spotkanie,0.0861841174262784
mężczyzna,0.08372235686617152
chcieć,0.08022278083379594
przyjeżdżać,0.07420806289148034
