keyword,tf-idf
planeta,0.19381880391093137
ziemia,0.12156153763935336
naukowiec,0.12084270680497733
przyszłość,0.11169450498847087
walka,0.08965044832561465
ludzkość,0.07999784916292854
wróg,0.07594945366722758
człowiek,0.07186228614591493
straszliwy,0.06801380635230389
słońce,0.0666086030022775
