keyword,tf-idf
earth,0.1696577054338203
alien,0.12183991281676376
space,0.1114186404954807
world,0.10978236822817498
planet,0.10349396263293983
future,0.08677929138289214
time,0.08592656904176017
human,0.08533424264517601
new,0.0671177731087375
life,0.05864953421425453
