keyword,tf-idf
zjadany,0.12083124891045456
bankiet,0.115127500207753
elegancki,0.115127500207753
spadać,0.10794162667487005
łukać,0.10015591504636727
gość,0.08992250588445236
wzajemny,0.0894718252827691
jacek,0.0894718252827691
tomek,0.08597502625140585
niedoszły,0.08597502625140585
