keyword,tf-idf
film,0.1827020050054055
life,0.11530018008179549
short,0.1057826186017065
man,0.10532425363721293
world,0.08830359251676746
young,0.08806699386799387
story,0.0818661730772578
time,0.08026053391443218
day,0.07757503258016302
woman,0.07481861671726511
