keyword,tf-idf
agent,0.17008266481426584
mężczyzna,0.11862850255152904
kobieta,0.10737115044644203
młody,0.1008909670189414
morderca,0.08829924064980141
sprawa,0.08678078925734983
dom,0.08332314105528353
tajemniczy,0.08285639332714541
postanawiać,0.08195330098053152
zaczynać,0.07981384989871007
