keyword,tf-idf
life,0.13022081925916196
killer,0.10973077035921623
murder,0.10851911517945007
man,0.10516365349325943
young,0.10119451322118501
wife,0.09787412232755476
thriller,0.09170521879505165
police,0.09162703161248696
woman,0.08385967835474743
finds,0.08010507739788658
