keyword,tf-idf
war,0.2112941816646499
army,0.11452870465306365
enemy,0.10612394710881502
japanese,0.10315182688757935
soldiers,0.09628807203673384
german,0.09459375616583766
battle,0.07619297929791498
forces,0.07185336462604783
mission,0.06533452288578452
episode,0.0606386446735733
