keyword,tf-idf
niemiecki,0.16213278105102458
nazista,0.12375991296676729
komandos,0.10963978688862343
oddział,0.09941842647742526
wysłać,0.0948612572778423
grupa,0.0927744716656434
cel,0.08538105374646872
zniszczeć,0.07763475238050278
zniszczona,0.07719877877285118
enigma,0.07719877877285118
