keyword,tf-idf
rewolwerowiec,0.18166149889247368
banda,0.14007700029397757
rewolwerowca,0.10863080811793975
szeryf,0.10075533949397686
przybywać,0.09973932909317273
zachód,0.08212157072676536
miasteczko,0.08059005016332278
farmer,0.07970877158727423
ranczer,0.06336619148643853
zamierzać,0.0633494401446584
