keyword,tf-idf
gang,0.17276873899723622
ranch,0.15006577219149436
sheriff,0.1209142684655243
town,0.1114061939743
outlaw,0.08553511914838398
cattle,0.08273824111644629
gold,0.07970860995099456
jim,0.06699333006978903
marshal,0.06587725214720831
men,0.063992473938623
